{
  "attendance": [
    "HR",
    "Managers",
    "Admins",
    "HR Payrol"
  ],
  "sales": [
    "Sales",
    "Accounting",
    "Managers",
    "Admins"
  ],
  "inventory": [
    "Inventory",
    "Operations",
    "Managers",
    "Admins"
  ],
  "expenses": [
    "Accounting",
    "Finance",
    "Managers",
    "Admins",
    "HR Payrol"
  ],
  "maintenance": [
    "Maintenance",
    "Operations",
    "Managers",
    "Admins"
  ],
  "buyers": [
    "Sales",
    "Accounting",
    "Managers",
    "Admins"
  ]
}